{
    "project_info": {
        "project_number": "530917336466",
        "firebase_url": "https://smartambulance-559a8.firebaseio.com",
        "project_id": "smartambulance-559a8",
        "storage_bucket": "smartambulance-559a8.appspot.com"
    },
    "client": [{
        "client_info": {
            "mobilesdk_app_id": "1:530917336466:android:ccb975efac420cace00d4b",
            "android_client_info": {
                "package_name": "com.example.smart_ambulance"
            }
        },
        "oauth_client": [{
            "client_id": "530917336466-hieehgucirkhmogpsr6dc26l8ki8s63d.apps.googleusercontent.com",
            "client_type": 3
        }],
        "api_key": [{
            "current_key": "AIzaSyDjJdyuszYbdiK3eW6OFyx9uyNszjPBlyk"
        }],
        "services": {
            "appinvite_service": {
                "other_platform_oauth_client": [{
                    "client_id": "530917336466-hieehgucirkhmogpsr6dc26l8ki8s63d.apps.googleusercontent.com",
                    "client_type": 3
                }]
            }
        }
    }],
    "configuration_version": "1"
}